Legge,Parere,Area,Posizione,Autore
Riforma del Codice della Strada,"L'inasprimento delle pene per l'uso del cellulare è urgente e necessario per la sicurezza stradale.",Diritto,✅ Favorevole,Mario Rossi
Riforma del Codice della Strada,"Le sanzioni amministrative dovrebbero essere proporzionali al reddito del trasgressore per essere eque.",Diritto,✏️ Proposta di Modifica,Laura Costa
Riforma del Codice della Strada,"Contrario all'ergastolo della patente, la pena deve avere funzione rieducativa come da Costituzione.",Diritto,❌ Contrario,Alessandro Conti
Riforma del Codice della Strada,"Ottima l'introduzione della safety car in autostrada in caso di incidenti.",Diritto,✅ Favorevole,Antonio Barbieri
Riforma del Codice della Strada,"Troppa burocrazia per i ricorsi al Giudice di Pace, serve snellire la procedura.",Diritto,❌ Contrario,Michele Pellegrini
DL 123 - Riforma Digitale PA,"L'interoperabilità tra i database della PA deve essere la priorità assoluta prima di introdurre l'AI.",Tecnologia,✅ Favorevole,Luigi Verdi
Regolamentazione Droni Urbani,"Serve un registro unico distribuito su blockchain per tracciare tutti i voli dei droni commerciali.",Tecnologia,✏️ Proposta di Modifica,Marco Romano
DL 123 - Riforma Digitale PA,"Rischio concreto di esclusione digitale per la fascia di popolazione over 70, servono sportelli fisici.",Tecnologia,❌ Contrario,Silvia Ferrari
Regolamentazione Droni Urbani,"Vietare tassativamente il volo notturno nei centri abitati per motivi di privacy e sicurezza.",Tecnologia,✅ Favorevole,Paolo Ricci
DL 123 - Riforma Digitale PA,"L'approccio 'Digital First' è corretto, ma servono investimenti massicci in cybersecurity.",Tecnologia,✅ Favorevole,Chiara Lombardi
Tutela Aree Marine Protette,"Estendere le zone A di riserva integrale per permettere il ripopolamento ittico.",Ambiente,✅ Favorevole,Anna Bianchi
Tutela Aree Marine Protette,"I pescatori locali devono essere coinvolti attivamente nella gestione dell'area protetta.",Ambiente,✏️ Proposta di Modifica,Davide Bruno
Tutela Aree Marine Protette,"Troppi vincoli alla navigazione rischiano di uccidere il turismo nautico locale.",Ambiente,❌ Contrario,Sofia Gallo
Tutela Aree Marine Protette,"Obbligo di monitoraggio satellitare per tutte le imbarcazioni che attraversano l'area.",Ambiente,✏️ Proposta di Modifica,Federico Marino
Flat Tax Incrementale,"La misura viola il principio di progressività sancito dall'art. 53 della Costituzione.",Economia,❌ Contrario,Giulia Neri
Flat Tax Incrementale,"Una semplificazione necessaria per dare ossigeno alle Partite IVA in difficoltà.",Economia,✅ Favorevole,Giovanni Greco
Flat Tax Incrementale,"Applicabile solo alle nuove attività per i primi 3 anni, altrimenti crea distorsioni.",Economia,✏️ Proposta di Modifica,Elena Esposito
Flat Tax Incrementale,"Rischio di arbitraggio fiscale tra lavoro dipendente e autonomo troppo elevato.",Economia,❌ Contrario,Roberto Rizzo
Flat Tax Incrementale,"Misura positiva per stimolare l'emersione del nero.",Economia,✅ Favorevole,Beatrice Serra
Regolamentazione Droni Urbani,"Necessario definire corridoi aerei specifici per i droni di consegna merci.",Tecnologia,✏️ Proposta di Modifica,Simona Villa
